user_id;username;ruolo
20625;Al*******ne;Finance - Administrator
20414;An********co;Finance - Administrator
21379;Ar************lo;Finance - Administrator
19957;Ar************ta;Finance - Administrator
20844;Au*******************ce;Finance - Administrator
20408;Be***********ra;Finance - Administrator
20147;Be************ni;Finance - Administrator
20544;Bo**************lo;Finance - Administrator
20688;Bo**********ea;Finance - Administrator
20420;Br***********no;Finance - Administrator
20541;Bu**************zo;Finance - Administrator
20357;Ca************ro;Finance - Administrator
20411;Co**********ra;Finance - Administrator
21063;Co*********co;Finance - Administrator
20769;Co*************ro;Finance - Administrator
20757;D'*************ia;Finance - Administrator
19766;De************ia;Finance - Administrator
19998;De******************ta;Finance - Administrator
19857;Di************io;Finance - Administrator
20327;Fi***********lo;Finance - Administrator
20090;Ga*********le;Finance - Administrator
21546;Gi***************io;Finance - Administrator
20583;Go************do;Finance - Administrator
21528;Gr***********ta;Finance - Administrator
21555;Gr*********co;Finance - Administrator
21120;Gu************ro;Finance - Administrator
20099;Gu*************ce;Finance - Administrator
20781;Gu************co;Finance - Administrator
19868;Hy******si;Finance - Administrator
20550;Ma********co;Finance - Administrator
20001;Ma**********ea;Finance - Administrator
21117;Ma***************ia;Finance - Administrator
20943;Ma************eo;Finance - Administrator
21549;Me**********io;Finance - Administrator
21552;Mi**********ne;Finance - Administrator
20793;Mo************le;Finance - Administrator
20721;Mu*********co;Finance - Administrator
20309;Mu***************te;Finance - Administrator
20472;Ne********no;Finance - Administrator
21316;Ni***********ro;Finance - Administrator
19225;Pa***********zo;Finance - Administrator
20997;Pe**********ca;Finance - Administrator
20952;Pe**********de;Finance - Administrator
21543;Pe********************co;Finance - Administrator
20457;Pi********io;Finance - Administrator
19585;Pi*************po;Finance - Administrator
20261;Ri***********no;Finance - Administrator
20886;Ru******ca;Finance - Administrator
21196;Ru************na;Finance - Administrator
19105;Sa*********co;Finance - Administrator
20210;Sa**********ia;Finance - Administrator
20333;Sa***********io;Finance - Administrator
20354;Sc***********ea;Finance - Administrator
21211;Se**********ca;Finance - Administrator
21444;Sf*******ra;Finance - Administrator
20102;Si*********la;Finance - Administrator
21175;St*************ta;Finance - Administrator
20077;St******************re;Finance - Administrator
125;St***********to;Finance - Administrator
21573;Ta************ro;Finance - Administrator
21181;To***********do;Finance - Administrator
20192;To*************lo;Finance - Administrator
21352;Tr*********do;Finance - Administrator
20889;Ve************ro;Finance - Administrator
19828;Ca***********to;Mutui - Admin
20724;Ma*************an;Mutui - Admin
20820;Pi************le;Mutui - Admin
20766;Ri**********io;Mutui - Admin
19952;Sc***************le;Mutui - Admin
21000;Al*******a2;Mutui - Backoffice
19906;Ap****wi;Mutui - Backoffice
20850;Au**********************ce;Mutui - Backoffice
20303;Ba**************lo;Mutui - Backoffice
20010;Be**********la;Mutui - Backoffice
20466;Ca****va;Mutui - Backoffice
20772;Ca************ia;Mutui - Backoffice
20013;Ce********da;Mutui - Backoffice
19854;Cu***********ne;Mutui - Backoffice
20390;D'*************na;Mutui - Backoffice
20784;De*******da;Mutui - Backoffice
20469;De***********sa;Mutui - Backoffice
20208;Di***************na;Mutui - Backoffice
20787;Gr********da;Mutui - Backoffice
19811;Ir*********ta;Mutui - Backoffice
18893;La********na;Mutui - Backoffice
20019;No***********da;Mutui - Backoffice
21030;Pe*********ia;Mutui - Backoffice
20144;Pe**********ia;Mutui - Backoffice
20294;Pr********ia;Mutui - Backoffice
20007;Pr**********da;Mutui - Backoffice
20360;Pr**********da;Mutui - Backoffice
20016;Ru********da;Mutui - Backoffice
21009;Sa*********pe;Mutui - Backoffice
20150;Sa*********ia;Mutui - Backoffice
21021;Si**********ca;Mutui - Backoffice
20700;Si***********ca;Mutui - Backoffice
21006;Ta************a2;Mutui - Backoffice
20384;Vo********ia;Mutui - Backoffice
20790;Za*********ta;Mutui - Backoffice
21159;Za*********ta;Mutui - Backoffice
20568;Al**********co;Mutui - Consulenti
20189;Am***********le;Mutui - Consulenti
20460;An************na;Mutui - Consulenti
21385;Ar****************ta;Mutui - Consulenti
21247;Ar*******ia;Mutui - Consulenti
20502;Ar**************ca;Mutui - Consulenti
20234;Ar*********ia;Mutui - Consulenti
20847;Au**********************te;Mutui - Consulenti
19704;Be**************no;Mutui - Consulenti
20195;Bo**********ce;Mutui - Consulenti
20291;Bu**************ta;Mutui - Consulenti
21390;Ca***************co;Mutui - Consulenti
21639;Ca*************ne;Mutui - Consulenti
21630;Ca**********mi;Mutui - Consulenti
21513;Ca*******ra;Mutui - Consulenti
21235;Ca**********to;Mutui - Consulenti
20823;Ce********da;Mutui - Consulenti
20345;Ch**********da;Mutui - Consulenti
21135;Co**********la;Mutui - Consulenti
20775;Co**************ta;Mutui - Consulenti
20396;Co***********sa;Mutui - Consulenti
19865;Co**************lo;Mutui - Consulenti
20898;Co**********as;Mutui - Consulenti
21387;Co***************ca;Mutui - Consulenti
20096;Co**********ra;Mutui - Consulenti
21618;Cu****************ia;Mutui - Consulenti
20348;De****************ra;Mutui - Consulenti
20174;Di**********ca;Mutui - Consulenti
21393;Do**********ra;Mutui - Consulenti
20499;Fa****************ca;Mutui - Consulenti
20228;Fa***************co;Mutui - Consulenti
20225;Fa**********ca;Mutui - Consulenti
20685;Fa******ra;Mutui - Consulenti
20114;Fa*******ra;Mutui - Consulenti
21051;Fa*******ia;Mutui - Consulenti
20901;Fi************************co;Mutui - Consulenti
21606;Fi*******ia;Mutui - Consulenti
21042;Ga**************na;Mutui - Consulenti
21382;Ge**********ia;Mutui - Consulenti
20760;Gr************lo;Mutui - Consulenti
21307;Gu**********ca;Mutui - Consulenti
21364;In*************na;Mutui - Consulenti
20171;Le*******ra;Mutui - Consulenti
21531;Li***************ca;Mutui - Consulenti
21510;Lo**********ia;Mutui - Consulenti
20727;Lo***********ia;Mutui - Consulenti
20538;Ma*******le;Mutui - Consulenti
20919;Ma**********ne;Mutui - Consulenti
20547;Ma***********la;Mutui - Consulenti
20288;Ma***********sa;Mutui - Consulenti
20198;Ma************************ta;Mutui - Consulenti
20270;Ma**************ca;Mutui - Consulenti
21636;Me***********io;Mutui - Consulenti
21516;Me**********ea;Mutui - Consulenti
21633;Me**********ra;Mutui - Consulenti
20730;Me**********io;Mutui - Consulenti
19421;Mo***************le;Mutui - Consulenti
21361;Mo***********ia;Mutui - Consulenti
20565;Mu***************na;Mutui - Consulenti
20351;Mu*********st;Mutui - Consulenti
21462;Or*******ia;Mutui - Consulenti
21615;Pa***********io;Mutui - Consulenti
20613;Pe********************ta;Mutui - Consulenti
20222;Pi**********eo;Mutui - Consulenti
21003;Pi**************le;Mutui - Consulenti
20405;Pi*************el;Mutui - Consulenti
21202;Pr******************na;Mutui - Consulenti
20025;Pr*******lo;Mutui - Consulenti
20243;Pu************co;Mutui - Consulenti
20913;Ro***************io;Mutui - Consulenti
19980;Sa******************ro;Mutui - Consulenti
21612;Sa*******na;Mutui - Consulenti
21205;Sa*********co;Mutui - Consulenti
20387;Se*************ca;Mutui - Consulenti
21301;Se******ra;Mutui - Consulenti
21465;Si***********el;Mutui - Consulenti
20892;Si*****************ra;Mutui - Consulenti
21507;So******************ro;Mutui - Consulenti
21084;Sp****************ro;Mutui - Consulenti
21534;Ti**********na;Mutui - Consulenti
21244;Ti*********io;Mutui - Consulenti
20381;To***********la;Mutui - Consulenti
21304;Tu***************co;Mutui - Consulenti
21609;Va************ia;Mutui - Consulenti
21355;Ve*************le;Mutui - Consulenti
19025;Ru********da;Mutui - Consulenti Tirana Alla Ricerca Dell'Immobile
19675;Qi**************da;Mutui - Consulenti Tirana Filtro Partner
21597;Al**************ra;Mutui - Consulenti Tirana Solo Contatto
20856;Au**************************************to;Mutui - Consulenti Tirana Solo Contatto
20853;Au***********************************to;Mutui - Consulenti Tirana Solo Contatto
20634;Bu**************ro;Mutui - Consulenti Tirana Solo Contatto
21564;Ca************ia;Mutui - Consulenti Tirana Solo Contatto
21519;Ca**************ne;Mutui - Consulenti Tirana Solo Contatto
21328;Ca*************mi;Mutui - Consulenti Tirana Solo Contatto
21426;Ca***********na;Mutui - Consulenti Tirana Solo Contatto
20646;Gu*************pe;Mutui - Consulenti Tirana Solo Contatto
21594;Ma***********ra;Mutui - Consulenti Tirana Solo Contatto
21229;Ma**************la;Mutui - Consulenti Tirana Solo Contatto
21492;Ma********************ni;Mutui - Consulenti Tirana Solo Contatto
21600;Ma**************la;Mutui - Consulenti Tirana Solo Contatto
21591;Me***********la;Mutui - Consulenti Tirana Solo Contatto
20982;Me**********ea;Mutui - Consulenti Tirana Solo Contatto
21537;Me***********io;Mutui - Consulenti Tirana Solo Contatto
21540;Me**********ra;Mutui - Consulenti Tirana Solo Contatto
21582;Me***********ne;Mutui - Consulenti Tirana Solo Contatto
21576;Mo*************ia;Mutui - Consulenti Tirana Solo Contatto
21298;Or********ia2;Mutui - Consulenti Tirana Solo Contatto
21570;Or********na;Mutui - Consulenti Tirana Solo Contatto
21480;Pa*************io;Mutui - Consulenti Tirana Solo Contatto
21603;Pa*********************ta;Mutui - Consulenti Tirana Solo Contatto
20631;Pa**************ea;Mutui - Consulenti Tirana Solo Contatto
21495;Pe*************le;Mutui - Consulenti Tirana Solo Contatto
21567;Po***********ia;Mutui - Consulenti Tirana Solo Contatto
21621;Pr**********************na;Mutui - Consulenti Tirana Solo Contatto
21624;Pr**********************************na;Mutui - Consulenti Tirana Solo Contatto
21165;Si**********u2;Mutui - Consulenti Tirana Solo Contatto
21627;To*********ta;Mutui - Consulenti Tirana Solo Contatto
21585;Tr*******************co;Mutui - Consulenti Tirana Solo Contatto
21414;Us********ia;Mutui - Consulenti Tirana Solo Contatto
20300;Ve********************lo;Mutui - Consulenti Tirana Solo Contatto
20297;Ve********************lo;Mutui - Consulenti Tirana Solo Contatto
19989;Ag********************Bo;Mutui - Segreteria Tirana
19860;Ce*********da;Mutui - Segreteria Tirana
20074;Pu***********na;Mutui - Segreteria Tirana
20022;Ra*********da;Mutui - Segreteria Tirana
19983;Ru*******************da;Mutui - Segreteria Tirana
19657;Sh**********ri;Mutui - Segreteria Tirana
19815;Su**********na;Mutui - Segreteria Tirana
20168;Ab*******ia;Mutui - Team leader
19874;Ci*********lo;Mutui - Team leader
20138;Fe***********ca;Mutui - Team leader
18949;Fu************io;Mutui - Team leader
20180;Le**********la;Mutui - Team leader
20135;Me***********to;Mutui - Team leader
20141;Mu*************ca;Mutui - Team leader
19724;Ne********no;Mutui - Team leader
21447;Sa*************na;Mutui - Team leader
20062;Se*************ca;Mutui - Team leader
19257;To*************lo;Mutui - Team leader
18889;Va**************io;Mutui - Team leader
